url,status,missing,og_image,final_url
"https://brokeralarab.com/about","200","og:image","","https://brokeralarab.com/about"
"https://brokeralarab.com/best-brokers/accounts/cent","200","og:image; twitter:image","","https://brokeralarab.com/best-brokers/accounts/cent"
"https://brokeralarab.com/best-brokers/accounts/raw-spread","200","og:image; twitter:image","","https://brokeralarab.com/best-brokers/accounts/raw-spread"
"https://brokeralarab.com/best-brokers/accounts/standard","200","og:image; twitter:image","","https://brokeralarab.com/best-brokers/accounts/standard"
"https://brokeralarab.com/best-brokers/commodities","200","og:image; twitter:image","","https://brokeralarab.com/best-brokers/commodities"
"https://brokeralarab.com/best-brokers/indices","200","og:image; twitter:image","","https://brokeralarab.com/best-brokers/indices"
"https://brokeralarab.com/best-brokers/low-minimum-deposit","200","og:image; twitter:image","","https://brokeralarab.com/best-brokers/low-minimum-deposit"
"https://brokeralarab.com/best-brokers/stocks","200","og:image; twitter:image","","https://brokeralarab.com/best-brokers/stocks"
"https://brokeralarab.com/brokers/activtrade/accounts/standard","200","og:url","https://brokeralarab.com/og-image.webp","https://brokeralarab.com/brokers/activtrade/accounts/standard"
"https://brokeralarab.com/brokers/admirals/accounts/trade","200","og:url","https://brokeralarab.com/og-image.webp","https://brokeralarab.com/brokers/admirals/accounts/trade"
"https://brokeralarab.com/brokers/admirals/accounts/zero","200","og:url","https://brokeralarab.com/og-image.webp","https://brokeralarab.com/brokers/admirals/accounts/zero"
"https://brokeralarab.com/brokers/alpari/accounts/ecn","200","og:url","https://brokeralarab.com/og-image.webp","https://brokeralarab.com/brokers/alpari/accounts/ecn"
"https://brokeralarab.com/brokers/alpari/accounts/micro","200","og:url","https://brokeralarab.com/og-image.webp","https://brokeralarab.com/brokers/alpari/accounts/micro"
"https://brokeralarab.com/brokers/alpari/accounts/pro-ecn","200","og:url","https://brokeralarab.com/og-image.webp","https://brokeralarab.com/brokers/alpari/accounts/pro-ecn"
"https://brokeralarab.com/brokers/alpari/accounts/standard","200","og:url","https://brokeralarab.com/og-image.webp","https://brokeralarab.com/brokers/alpari/accounts/standard"
"https://brokeralarab.com/brokers/avatrade/accounts/standard","200","og:url","https://brokeralarab.com/og-image.webp","https://brokeralarab.com/brokers/avatrade/accounts/standard"
"https://brokeralarab.com/brokers/capital-com/accounts/1x-uk-clients-only","200","og:url","https://brokeralarab.com/og-image.webp","https://brokeralarab.com/brokers/capital-com/accounts/1x-uk-clients-only"
"https://brokeralarab.com/brokers/capital-com/accounts/cfd","200","og:url","https://brokeralarab.com/og-image.webp","https://brokeralarab.com/brokers/capital-com/accounts/cfd"
"https://brokeralarab.com/brokers/capital-com/accounts/spread-betting-uk-clients-only","200","og:url","https://brokeralarab.com/og-image.webp","https://brokeralarab.com/brokers/capital-com/accounts/spread-betting-uk-clients-only"
"https://brokeralarab.com/brokers/capital-com/accounts/swap-free-scb-and-cma-only","200","og:url","https://brokeralarab.com/og-image.webp","https://brokeralarab.com/brokers/capital-com/accounts/swap-free-scb-and-cma-only"
"https://brokeralarab.com/brokers/equiti/accounts/classic","200","og:url","https://brokeralarab.com/og-image.webp","https://brokeralarab.com/brokers/equiti/accounts/classic"
"https://brokeralarab.com/brokers/equiti/accounts/micro","200","og:url","https://brokeralarab.com/og-image.webp","https://brokeralarab.com/brokers/equiti/accounts/micro"
"https://brokeralarab.com/brokers/equiti/accounts/premier","200","og:url","https://brokeralarab.com/og-image.webp","https://brokeralarab.com/brokers/equiti/accounts/premier"
"https://brokeralarab.com/brokers/equiti/accounts/standard","200","og:url","https://brokeralarab.com/og-image.webp","https://brokeralarab.com/brokers/equiti/accounts/standard"
"https://brokeralarab.com/brokers/exness/accounts/pro","200","og:url","https://brokeralarab.com/og-image.webp","https://brokeralarab.com/brokers/exness/accounts/pro"
"https://brokeralarab.com/brokers/exness/accounts/raw-spread","200","og:url","https://brokeralarab.com/og-image.webp","https://brokeralarab.com/brokers/exness/accounts/raw-spread"
"https://brokeralarab.com/brokers/exness/accounts/standard","200","og:url","https://brokeralarab.com/og-image.webp","https://brokeralarab.com/brokers/exness/accounts/standard"
"https://brokeralarab.com/brokers/exness/accounts/standard-cent","200","og:url","https://brokeralarab.com/og-image.webp","https://brokeralarab.com/brokers/exness/accounts/standard-cent"
"https://brokeralarab.com/brokers/exness/accounts/zero","200","og:url","https://brokeralarab.com/og-image.webp","https://brokeralarab.com/brokers/exness/accounts/zero"
"https://brokeralarab.com/brokers/exness/open-account","200","og:url","https://brokeralarab.com/og-image.webp","https://brokeralarab.com/brokers/exness/open-account"
"https://brokeralarab.com/brokers/fbs/accounts/standard","200","og:url","https://brokeralarab.com/og-image.webp","https://brokeralarab.com/brokers/fbs/accounts/standard"
"https://brokeralarab.com/brokers/fp-markets/accounts/raw","200","og:url","https://brokeralarab.com/og-image.webp","https://brokeralarab.com/brokers/fp-markets/accounts/raw"
"https://brokeralarab.com/brokers/fp-markets/accounts/standard","200","og:url","https://brokeralarab.com/og-image.webp","https://brokeralarab.com/brokers/fp-markets/accounts/standard"
"https://brokeralarab.com/brokers/fxpro/accounts/ctrader","200","og:url","https://brokeralarab.com/og-image.webp","https://brokeralarab.com/brokers/fxpro/accounts/ctrader"
"https://brokeralarab.com/brokers/fxpro/accounts/elite","200","og:url","https://brokeralarab.com/og-image.webp","https://brokeralarab.com/brokers/fxpro/accounts/elite"
"https://brokeralarab.com/brokers/fxpro/accounts/rawplus","200","og:url","https://brokeralarab.com/og-image.webp","https://brokeralarab.com/brokers/fxpro/accounts/rawplus"
"https://brokeralarab.com/brokers/fxpro/accounts/standard","200","og:url","https://brokeralarab.com/og-image.webp","https://brokeralarab.com/brokers/fxpro/accounts/standard"
"https://brokeralarab.com/brokers/hfm/accounts/cent","200","og:url","https://brokeralarab.com/og-image.webp","https://brokeralarab.com/brokers/hfm/accounts/cent"
"https://brokeralarab.com/brokers/hfm/accounts/premium","200","og:url","https://brokeralarab.com/og-image.webp","https://brokeralarab.com/brokers/hfm/accounts/premium"
"https://brokeralarab.com/brokers/hfm/accounts/pro","200","og:url","https://brokeralarab.com/og-image.webp","https://brokeralarab.com/brokers/hfm/accounts/pro"
"https://brokeralarab.com/brokers/hfm/accounts/zero","200","og:url","https://brokeralarab.com/og-image.webp","https://brokeralarab.com/brokers/hfm/accounts/zero"
"https://brokeralarab.com/brokers/icmarkets/accounts/raw-pro","200","og:url","https://brokeralarab.com/og-image.webp","https://brokeralarab.com/brokers/icmarkets/accounts/raw-pro"
"https://brokeralarab.com/brokers/icmarkets/accounts/raw-proplus","200","og:url","https://brokeralarab.com/og-image.webp","https://brokeralarab.com/brokers/icmarkets/accounts/raw-proplus"
"https://brokeralarab.com/brokers/icmarkets/accounts/raw-spread","200","og:url","https://brokeralarab.com/og-image.webp","https://brokeralarab.com/brokers/icmarkets/accounts/raw-spread"
"https://brokeralarab.com/brokers/icmarkets/accounts/raw-spread-ctrader","200","og:url","https://brokeralarab.com/og-image.webp","https://brokeralarab.com/brokers/icmarkets/accounts/raw-spread-ctrader"
"https://brokeralarab.com/brokers/icmarkets/accounts/standard","200","og:url","https://brokeralarab.com/og-image.webp","https://brokeralarab.com/brokers/icmarkets/accounts/standard"
"https://brokeralarab.com/brokers/JustMarkets/accounts/pro","200","og:url","https://brokeralarab.com/og-image.webp","https://brokeralarab.com/brokers/JustMarkets/accounts/pro"
"https://brokeralarab.com/brokers/JustMarkets/accounts/raw-spread","200","og:url","https://brokeralarab.com/og-image.webp","https://brokeralarab.com/brokers/JustMarkets/accounts/raw-spread"
"https://brokeralarab.com/brokers/JustMarkets/accounts/standard","200","og:url","https://brokeralarab.com/og-image.webp","https://brokeralarab.com/brokers/JustMarkets/accounts/standard"
"https://brokeralarab.com/brokers/JustMarkets/accounts/standard-cent","200","og:url","https://brokeralarab.com/og-image.webp","https://brokeralarab.com/brokers/JustMarkets/accounts/standard-cent"
"https://brokeralarab.com/brokers/markets/accounts/classic","200","og:url","https://brokeralarab.com/og-image.webp","https://brokeralarab.com/brokers/markets/accounts/classic"
"https://brokeralarab.com/brokers/moneta-markets/accounts/direct-stp","200","og:url","https://brokeralarab.com/og-image.webp","https://brokeralarab.com/brokers/moneta-markets/accounts/direct-stp"
"https://brokeralarab.com/brokers/moneta-markets/accounts/prime-ecn","200","og:url","https://brokeralarab.com/og-image.webp","https://brokeralarab.com/brokers/moneta-markets/accounts/prime-ecn"
"https://brokeralarab.com/brokers/moneta-markets/accounts/ultra-ecn","200","og:url","https://brokeralarab.com/og-image.webp","https://brokeralarab.com/brokers/moneta-markets/accounts/ultra-ecn"
"https://brokeralarab.com/brokers/multibank/accounts/ecn","200","og:url","https://brokeralarab.com/og-image.webp","https://brokeralarab.com/brokers/multibank/accounts/ecn"
"https://brokeralarab.com/brokers/multibank/accounts/pro","200","og:url","https://brokeralarab.com/og-image.webp","https://brokeralarab.com/brokers/multibank/accounts/pro"
"https://brokeralarab.com/brokers/multibank/accounts/standard","200","og:url","https://brokeralarab.com/og-image.webp","https://brokeralarab.com/brokers/multibank/accounts/standard"
"https://brokeralarab.com/brokers/oneroyal/accounts/classic","200","og:url","https://brokeralarab.com/og-image.webp","https://brokeralarab.com/brokers/oneroyal/accounts/classic"
"https://brokeralarab.com/brokers/oneroyal/accounts/ecn","200","og:url","https://brokeralarab.com/og-image.webp","https://brokeralarab.com/brokers/oneroyal/accounts/ecn"
"https://brokeralarab.com/brokers/oneroyal/accounts/prime","200","og:url","https://brokeralarab.com/og-image.webp","https://brokeralarab.com/brokers/oneroyal/accounts/prime"
"https://brokeralarab.com/brokers/pepperstone/accounts/razor","200","og:url","https://brokeralarab.com/og-image.webp","https://brokeralarab.com/brokers/pepperstone/accounts/razor"
"https://brokeralarab.com/brokers/pepperstone/accounts/standard","200","og:url","https://brokeralarab.com/og-image.webp","https://brokeralarab.com/brokers/pepperstone/accounts/standard"
"https://brokeralarab.com/brokers/plus500/accounts/standard","200","og:url","https://brokeralarab.com/og-image.webp","https://brokeralarab.com/brokers/plus500/accounts/standard"
"https://brokeralarab.com/brokers/thinkmarkets/accounts/standard","200","og:url","https://brokeralarab.com/og-image.webp","https://brokeralarab.com/brokers/thinkmarkets/accounts/standard"
"https://brokeralarab.com/brokers/thinkmarkets/accounts/thinktrader","200","og:url","https://brokeralarab.com/og-image.webp","https://brokeralarab.com/brokers/thinkmarkets/accounts/thinktrader"
"https://brokeralarab.com/brokers/thinkmarkets/accounts/thinkzero","200","og:url","https://brokeralarab.com/og-image.webp","https://brokeralarab.com/brokers/thinkmarkets/accounts/thinkzero"
"https://brokeralarab.com/brokers/tickmill/accounts/classic","200","og:url","https://brokeralarab.com/og-image.webp","https://brokeralarab.com/brokers/tickmill/accounts/classic"
"https://brokeralarab.com/brokers/tickmill/accounts/raw","200","og:url","https://brokeralarab.com/og-image.webp","https://brokeralarab.com/brokers/tickmill/accounts/raw"
"https://brokeralarab.com/brokers/tickmill/accounts/tradingview-raw","200","og:url","https://brokeralarab.com/og-image.webp","https://brokeralarab.com/brokers/tickmill/accounts/tradingview-raw"
"https://brokeralarab.com/brokers/ultima-markets/accounts/ecn","200","og:url","https://brokeralarab.com/og-image.webp","https://brokeralarab.com/brokers/ultima-markets/accounts/ecn"
"https://brokeralarab.com/brokers/ultima-markets/accounts/ecn-cent","200","og:url","https://brokeralarab.com/og-image.webp","https://brokeralarab.com/brokers/ultima-markets/accounts/ecn-cent"
"https://brokeralarab.com/brokers/ultima-markets/accounts/standard","200","og:url","https://brokeralarab.com/og-image.webp","https://brokeralarab.com/brokers/ultima-markets/accounts/standard"
"https://brokeralarab.com/brokers/ultima-markets/accounts/standard-cent","200","og:url","https://brokeralarab.com/og-image.webp","https://brokeralarab.com/brokers/ultima-markets/accounts/standard-cent"
"https://brokeralarab.com/brokers/vantage/accounts/pro-ecn","200","og:url","https://brokeralarab.com/og-image.webp","https://brokeralarab.com/brokers/vantage/accounts/pro-ecn"
"https://brokeralarab.com/brokers/vantage/accounts/raw-ecn","200","og:url","https://brokeralarab.com/og-image.webp","https://brokeralarab.com/brokers/vantage/accounts/raw-ecn"
"https://brokeralarab.com/brokers/vantage/accounts/standard","200","og:url","https://brokeralarab.com/og-image.webp","https://brokeralarab.com/brokers/vantage/accounts/standard"
"https://brokeralarab.com/brokers/xm/accounts/micro","200","og:url","https://brokeralarab.com/og-image.webp","https://brokeralarab.com/brokers/xm/accounts/micro"
"https://brokeralarab.com/brokers/xm/accounts/standard","200","og:url","https://brokeralarab.com/og-image.webp","https://brokeralarab.com/brokers/xm/accounts/standard"
"https://brokeralarab.com/brokers/xm/accounts/ultra-low","200","og:url","https://brokeralarab.com/og-image.webp","https://brokeralarab.com/brokers/xm/accounts/ultra-low"
"https://brokeralarab.com/brokers/xm/accounts/zero","200","og:url","https://brokeralarab.com/og-image.webp","https://brokeralarab.com/brokers/xm/accounts/zero"
"https://brokeralarab.com/brokers/xs/accounts/cent","200","og:url","https://brokeralarab.com/og-image.webp","https://brokeralarab.com/brokers/xs/accounts/cent"
"https://brokeralarab.com/brokers/xs/accounts/elite","200","og:url","https://brokeralarab.com/og-image.webp","https://brokeralarab.com/brokers/xs/accounts/elite"
"https://brokeralarab.com/brokers/xs/accounts/micro","200","og:url","https://brokeralarab.com/og-image.webp","https://brokeralarab.com/brokers/xs/accounts/micro"
"https://brokeralarab.com/brokers/xs/accounts/pro","200","og:url","https://brokeralarab.com/og-image.webp","https://brokeralarab.com/brokers/xs/accounts/pro"
"https://brokeralarab.com/brokers/xs/accounts/standard","200","og:url","https://brokeralarab.com/og-image.webp","https://brokeralarab.com/brokers/xs/accounts/standard"
"https://brokeralarab.com/compare","200","og:image","","https://brokeralarab.com/compare"
"https://brokeralarab.com/compare-accounts","200","og:image; twitter:image","","https://brokeralarab.com/compare-accounts"
"https://brokeralarab.com/contact","200","og:image","","https://brokeralarab.com/contact"
"https://brokeralarab.com/en/about","200","og:image","","https://brokeralarab.com/en/about"
"https://brokeralarab.com/en/best-brokers/accounts/cent","200","og:image; twitter:image","","https://brokeralarab.com/en/best-brokers/accounts/cent"
"https://brokeralarab.com/en/best-brokers/accounts/raw-spread","200","og:image; twitter:image","","https://brokeralarab.com/en/best-brokers/accounts/raw-spread"
"https://brokeralarab.com/en/best-brokers/accounts/standard","200","og:image; twitter:image","","https://brokeralarab.com/en/best-brokers/accounts/standard"
"https://brokeralarab.com/en/best-brokers/australia","200","og:image; twitter:image","","https://brokeralarab.com/en/best-brokers/australia"
"https://brokeralarab.com/en/best-brokers/commodities","200","og:image; twitter:image","","https://brokeralarab.com/en/best-brokers/commodities"
"https://brokeralarab.com/en/best-brokers/ghana","200","og:image; twitter:image","","https://brokeralarab.com/en/best-brokers/ghana"
"https://brokeralarab.com/en/best-brokers/indices","200","og:image; twitter:image","","https://brokeralarab.com/en/best-brokers/indices"
"https://brokeralarab.com/en/best-brokers/indonesia","200","og:image; twitter:image","","https://brokeralarab.com/en/best-brokers/indonesia"
"https://brokeralarab.com/en/best-brokers/kenya","200","og:image; twitter:image","","https://brokeralarab.com/en/best-brokers/kenya"
"https://brokeralarab.com/en/best-brokers/low-minimum-deposit","200","og:image; twitter:image","","https://brokeralarab.com/en/best-brokers/low-minimum-deposit"
"https://brokeralarab.com/en/best-brokers/malaysia","200","og:image; twitter:image","","https://brokeralarab.com/en/best-brokers/malaysia"
"https://brokeralarab.com/en/best-brokers/nigeria","200","og:image; twitter:image","","https://brokeralarab.com/en/best-brokers/nigeria"
"https://brokeralarab.com/en/best-brokers/philippines","200","og:image; twitter:image","","https://brokeralarab.com/en/best-brokers/philippines"
"https://brokeralarab.com/en/best-brokers/singapore","200","og:image; twitter:image","","https://brokeralarab.com/en/best-brokers/singapore"
"https://brokeralarab.com/en/best-brokers/south-africa","200","og:image; twitter:image","","https://brokeralarab.com/en/best-brokers/south-africa"
"https://brokeralarab.com/en/best-brokers/stocks","200","og:image; twitter:image","","https://brokeralarab.com/en/best-brokers/stocks"
"https://brokeralarab.com/en/best-brokers/thailand","200","og:image; twitter:image","","https://brokeralarab.com/en/best-brokers/thailand"
"https://brokeralarab.com/en/best-brokers/united-kingdom","200","og:image; twitter:image","","https://brokeralarab.com/en/best-brokers/united-kingdom"
"https://brokeralarab.com/en/best-brokers/vietnam","200","og:image; twitter:image","","https://brokeralarab.com/en/best-brokers/vietnam"
"https://brokeralarab.com/en/brokers/activtrade/accounts/standard","200","og:url","https://brokeralarab.com/og-image.webp","https://brokeralarab.com/en/brokers/activtrade/accounts/standard"
"https://brokeralarab.com/en/brokers/admirals/accounts/trade","200","og:url","https://brokeralarab.com/og-image.webp","https://brokeralarab.com/en/brokers/admirals/accounts/trade"
"https://brokeralarab.com/en/brokers/admirals/accounts/zero","200","og:url","https://brokeralarab.com/og-image.webp","https://brokeralarab.com/en/brokers/admirals/accounts/zero"
"https://brokeralarab.com/en/brokers/alpari/accounts/ecn","200","og:url","https://brokeralarab.com/og-image.webp","https://brokeralarab.com/en/brokers/alpari/accounts/ecn"
"https://brokeralarab.com/en/brokers/alpari/accounts/micro","200","og:url","https://brokeralarab.com/og-image.webp","https://brokeralarab.com/en/brokers/alpari/accounts/micro"
"https://brokeralarab.com/en/brokers/alpari/accounts/pro-ecn","200","og:url","https://brokeralarab.com/og-image.webp","https://brokeralarab.com/en/brokers/alpari/accounts/pro-ecn"
"https://brokeralarab.com/en/brokers/alpari/accounts/standard","200","og:url","https://brokeralarab.com/og-image.webp","https://brokeralarab.com/en/brokers/alpari/accounts/standard"
"https://brokeralarab.com/en/brokers/avatrade/accounts/standard","200","og:url","https://brokeralarab.com/og-image.webp","https://brokeralarab.com/en/brokers/avatrade/accounts/standard"
"https://brokeralarab.com/en/brokers/capital-com/accounts/1x-uk-clients-only","200","og:url","https://brokeralarab.com/og-image.webp","https://brokeralarab.com/en/brokers/capital-com/accounts/1x-uk-clients-only"
"https://brokeralarab.com/en/brokers/capital-com/accounts/cfd","200","og:url","https://brokeralarab.com/og-image.webp","https://brokeralarab.com/en/brokers/capital-com/accounts/cfd"
"https://brokeralarab.com/en/brokers/capital-com/accounts/spread-betting-uk-clients-only","200","og:url","https://brokeralarab.com/og-image.webp","https://brokeralarab.com/en/brokers/capital-com/accounts/spread-betting-uk-clients-only"
"https://brokeralarab.com/en/brokers/capital-com/accounts/swap-free-scb-and-cma-only","200","og:url","https://brokeralarab.com/og-image.webp","https://brokeralarab.com/en/brokers/capital-com/accounts/swap-free-scb-and-cma-only"
"https://brokeralarab.com/en/brokers/equiti/accounts/classic","200","og:url","https://brokeralarab.com/og-image.webp","https://brokeralarab.com/en/brokers/equiti/accounts/classic"
"https://brokeralarab.com/en/brokers/equiti/accounts/micro","200","og:url","https://brokeralarab.com/og-image.webp","https://brokeralarab.com/en/brokers/equiti/accounts/micro"
"https://brokeralarab.com/en/brokers/equiti/accounts/premier","200","og:url","https://brokeralarab.com/og-image.webp","https://brokeralarab.com/en/brokers/equiti/accounts/premier"
"https://brokeralarab.com/en/brokers/equiti/accounts/standard","200","og:url","https://brokeralarab.com/og-image.webp","https://brokeralarab.com/en/brokers/equiti/accounts/standard"
"https://brokeralarab.com/en/brokers/exness/accounts/pro","200","og:url","https://brokeralarab.com/og-image.webp","https://brokeralarab.com/en/brokers/exness/accounts/pro"
"https://brokeralarab.com/en/brokers/exness/accounts/raw-spread","200","og:url","https://brokeralarab.com/og-image.webp","https://brokeralarab.com/en/brokers/exness/accounts/raw-spread"
"https://brokeralarab.com/en/brokers/exness/accounts/standard","200","og:url","https://brokeralarab.com/og-image.webp","https://brokeralarab.com/en/brokers/exness/accounts/standard"
"https://brokeralarab.com/en/brokers/exness/accounts/standard-cent","200","og:url","https://brokeralarab.com/og-image.webp","https://brokeralarab.com/en/brokers/exness/accounts/standard-cent"
"https://brokeralarab.com/en/brokers/exness/accounts/zero","200","og:url","https://brokeralarab.com/og-image.webp","https://brokeralarab.com/en/brokers/exness/accounts/zero"
"https://brokeralarab.com/en/brokers/fbs/accounts/standard","200","og:url","https://brokeralarab.com/og-image.webp","https://brokeralarab.com/en/brokers/fbs/accounts/standard"
"https://brokeralarab.com/en/brokers/fp-markets/accounts/raw","200","og:url","https://brokeralarab.com/og-image.webp","https://brokeralarab.com/en/brokers/fp-markets/accounts/raw"
"https://brokeralarab.com/en/brokers/fp-markets/accounts/standard","200","og:url","https://brokeralarab.com/og-image.webp","https://brokeralarab.com/en/brokers/fp-markets/accounts/standard"
"https://brokeralarab.com/en/brokers/fxpro/accounts/ctrader","200","og:url","https://brokeralarab.com/og-image.webp","https://brokeralarab.com/en/brokers/fxpro/accounts/ctrader"
"https://brokeralarab.com/en/brokers/fxpro/accounts/elite","200","og:url","https://brokeralarab.com/og-image.webp","https://brokeralarab.com/en/brokers/fxpro/accounts/elite"
"https://brokeralarab.com/en/brokers/fxpro/accounts/rawplus","200","og:url","https://brokeralarab.com/og-image.webp","https://brokeralarab.com/en/brokers/fxpro/accounts/rawplus"
"https://brokeralarab.com/en/brokers/fxpro/accounts/standard","200","og:url","https://brokeralarab.com/og-image.webp","https://brokeralarab.com/en/brokers/fxpro/accounts/standard"
"https://brokeralarab.com/en/brokers/hfm/accounts/cent","200","og:url","https://brokeralarab.com/og-image.webp","https://brokeralarab.com/en/brokers/hfm/accounts/cent"
"https://brokeralarab.com/en/brokers/hfm/accounts/premium","200","og:url","https://brokeralarab.com/og-image.webp","https://brokeralarab.com/en/brokers/hfm/accounts/premium"
"https://brokeralarab.com/en/brokers/hfm/accounts/pro","200","og:url","https://brokeralarab.com/og-image.webp","https://brokeralarab.com/en/brokers/hfm/accounts/pro"
"https://brokeralarab.com/en/brokers/hfm/accounts/zero","200","og:url","https://brokeralarab.com/og-image.webp","https://brokeralarab.com/en/brokers/hfm/accounts/zero"
"https://brokeralarab.com/en/brokers/icmarkets/accounts/raw-pro","200","og:url","https://brokeralarab.com/og-image.webp","https://brokeralarab.com/en/brokers/icmarkets/accounts/raw-pro"
"https://brokeralarab.com/en/brokers/icmarkets/accounts/raw-proplus","200","og:url","https://brokeralarab.com/og-image.webp","https://brokeralarab.com/en/brokers/icmarkets/accounts/raw-proplus"
"https://brokeralarab.com/en/brokers/icmarkets/accounts/raw-spread","200","og:url","https://brokeralarab.com/og-image.webp","https://brokeralarab.com/en/brokers/icmarkets/accounts/raw-spread"
"https://brokeralarab.com/en/brokers/icmarkets/accounts/raw-spread-ctrader","200","og:url","https://brokeralarab.com/og-image.webp","https://brokeralarab.com/en/brokers/icmarkets/accounts/raw-spread-ctrader"
"https://brokeralarab.com/en/brokers/icmarkets/accounts/standard","200","og:url","https://brokeralarab.com/og-image.webp","https://brokeralarab.com/en/brokers/icmarkets/accounts/standard"
"https://brokeralarab.com/en/brokers/JustMarkets/accounts/pro","200","og:url","https://brokeralarab.com/og-image.webp","https://brokeralarab.com/en/brokers/JustMarkets/accounts/pro"
"https://brokeralarab.com/en/brokers/JustMarkets/accounts/raw-spread","200","og:url","https://brokeralarab.com/og-image.webp","https://brokeralarab.com/en/brokers/JustMarkets/accounts/raw-spread"
"https://brokeralarab.com/en/brokers/JustMarkets/accounts/standard","200","og:url","https://brokeralarab.com/og-image.webp","https://brokeralarab.com/en/brokers/JustMarkets/accounts/standard"
"https://brokeralarab.com/en/brokers/JustMarkets/accounts/standard-cent","200","og:url","https://brokeralarab.com/og-image.webp","https://brokeralarab.com/en/brokers/JustMarkets/accounts/standard-cent"
"https://brokeralarab.com/en/brokers/markets/accounts/classic","200","og:url","https://brokeralarab.com/og-image.webp","https://brokeralarab.com/en/brokers/markets/accounts/classic"
"https://brokeralarab.com/en/brokers/moneta-markets/accounts/direct-stp","200","og:url","https://brokeralarab.com/og-image.webp","https://brokeralarab.com/en/brokers/moneta-markets/accounts/direct-stp"
"https://brokeralarab.com/en/brokers/moneta-markets/accounts/prime-ecn","200","og:url","https://brokeralarab.com/og-image.webp","https://brokeralarab.com/en/brokers/moneta-markets/accounts/prime-ecn"
"https://brokeralarab.com/en/brokers/moneta-markets/accounts/ultra-ecn","200","og:url","https://brokeralarab.com/og-image.webp","https://brokeralarab.com/en/brokers/moneta-markets/accounts/ultra-ecn"
"https://brokeralarab.com/en/brokers/multibank/accounts/ecn","200","og:url","https://brokeralarab.com/og-image.webp","https://brokeralarab.com/en/brokers/multibank/accounts/ecn"
"https://brokeralarab.com/en/brokers/multibank/accounts/pro","200","og:url","https://brokeralarab.com/og-image.webp","https://brokeralarab.com/en/brokers/multibank/accounts/pro"
"https://brokeralarab.com/en/brokers/multibank/accounts/standard","200","og:url","https://brokeralarab.com/og-image.webp","https://brokeralarab.com/en/brokers/multibank/accounts/standard"
"https://brokeralarab.com/en/brokers/oneroyal/accounts/classic","200","og:url","https://brokeralarab.com/og-image.webp","https://brokeralarab.com/en/brokers/oneroyal/accounts/classic"
"https://brokeralarab.com/en/brokers/oneroyal/accounts/ecn","200","og:url","https://brokeralarab.com/og-image.webp","https://brokeralarab.com/en/brokers/oneroyal/accounts/ecn"
"https://brokeralarab.com/en/brokers/oneroyal/accounts/prime","200","og:url","https://brokeralarab.com/og-image.webp","https://brokeralarab.com/en/brokers/oneroyal/accounts/prime"
"https://brokeralarab.com/en/brokers/pepperstone/accounts/razor","200","og:url","https://brokeralarab.com/og-image.webp","https://brokeralarab.com/en/brokers/pepperstone/accounts/razor"
"https://brokeralarab.com/en/brokers/pepperstone/accounts/standard","200","og:url","https://brokeralarab.com/og-image.webp","https://brokeralarab.com/en/brokers/pepperstone/accounts/standard"
"https://brokeralarab.com/en/brokers/plus500/accounts/standard","200","og:url","https://brokeralarab.com/og-image.webp","https://brokeralarab.com/en/brokers/plus500/accounts/standard"
"https://brokeralarab.com/en/brokers/thinkmarkets/accounts/standard","200","og:url","https://brokeralarab.com/og-image.webp","https://brokeralarab.com/en/brokers/thinkmarkets/accounts/standard"
"https://brokeralarab.com/en/brokers/thinkmarkets/accounts/thinktrader","200","og:url","https://brokeralarab.com/og-image.webp","https://brokeralarab.com/en/brokers/thinkmarkets/accounts/thinktrader"
"https://brokeralarab.com/en/brokers/thinkmarkets/accounts/thinkzero","200","og:url","https://brokeralarab.com/og-image.webp","https://brokeralarab.com/en/brokers/thinkmarkets/accounts/thinkzero"
"https://brokeralarab.com/en/brokers/tickmill/accounts/classic","200","og:url","https://brokeralarab.com/og-image.webp","https://brokeralarab.com/en/brokers/tickmill/accounts/classic"
"https://brokeralarab.com/en/brokers/tickmill/accounts/raw","200","og:url","https://brokeralarab.com/og-image.webp","https://brokeralarab.com/en/brokers/tickmill/accounts/raw"
"https://brokeralarab.com/en/brokers/tickmill/accounts/tradingview-raw","200","og:url","https://brokeralarab.com/og-image.webp","https://brokeralarab.com/en/brokers/tickmill/accounts/tradingview-raw"
"https://brokeralarab.com/en/brokers/ultima-markets/accounts/ecn","200","og:url","https://brokeralarab.com/og-image.webp","https://brokeralarab.com/en/brokers/ultima-markets/accounts/ecn"
"https://brokeralarab.com/en/brokers/ultima-markets/accounts/ecn-cent","200","og:url","https://brokeralarab.com/og-image.webp","https://brokeralarab.com/en/brokers/ultima-markets/accounts/ecn-cent"
"https://brokeralarab.com/en/brokers/ultima-markets/accounts/standard","200","og:url","https://brokeralarab.com/og-image.webp","https://brokeralarab.com/en/brokers/ultima-markets/accounts/standard"
"https://brokeralarab.com/en/brokers/ultima-markets/accounts/standard-cent","200","og:url","https://brokeralarab.com/og-image.webp","https://brokeralarab.com/en/brokers/ultima-markets/accounts/standard-cent"
"https://brokeralarab.com/en/brokers/vantage/accounts/pro-ecn","200","og:url","https://brokeralarab.com/og-image.webp","https://brokeralarab.com/en/brokers/vantage/accounts/pro-ecn"
"https://brokeralarab.com/en/brokers/vantage/accounts/raw-ecn","200","og:url","https://brokeralarab.com/og-image.webp","https://brokeralarab.com/en/brokers/vantage/accounts/raw-ecn"
"https://brokeralarab.com/en/brokers/vantage/accounts/standard","200","og:url","https://brokeralarab.com/og-image.webp","https://brokeralarab.com/en/brokers/vantage/accounts/standard"
"https://brokeralarab.com/en/brokers/xm/accounts/micro","200","og:url","https://brokeralarab.com/og-image.webp","https://brokeralarab.com/en/brokers/xm/accounts/micro"
"https://brokeralarab.com/en/brokers/xm/accounts/standard","200","og:url","https://brokeralarab.com/og-image.webp","https://brokeralarab.com/en/brokers/xm/accounts/standard"
"https://brokeralarab.com/en/brokers/xm/accounts/ultra-low","200","og:url","https://brokeralarab.com/og-image.webp","https://brokeralarab.com/en/brokers/xm/accounts/ultra-low"
"https://brokeralarab.com/en/brokers/xm/accounts/zero","200","og:url","https://brokeralarab.com/og-image.webp","https://brokeralarab.com/en/brokers/xm/accounts/zero"
"https://brokeralarab.com/en/brokers/xs/accounts/cent","200","og:url","https://brokeralarab.com/og-image.webp","https://brokeralarab.com/en/brokers/xs/accounts/cent"
"https://brokeralarab.com/en/brokers/xs/accounts/elite","200","og:url","https://brokeralarab.com/og-image.webp","https://brokeralarab.com/en/brokers/xs/accounts/elite"
"https://brokeralarab.com/en/brokers/xs/accounts/micro","200","og:url","https://brokeralarab.com/og-image.webp","https://brokeralarab.com/en/brokers/xs/accounts/micro"
"https://brokeralarab.com/en/brokers/xs/accounts/pro","200","og:url","https://brokeralarab.com/og-image.webp","https://brokeralarab.com/en/brokers/xs/accounts/pro"
"https://brokeralarab.com/en/brokers/xs/accounts/standard","200","og:url","https://brokeralarab.com/og-image.webp","https://brokeralarab.com/en/brokers/xs/accounts/standard"
"https://brokeralarab.com/en/compare","200","og:image","","https://brokeralarab.com/en/compare"
"https://brokeralarab.com/en/compare-accounts","200","og:image; twitter:image","","https://brokeralarab.com/en/compare-accounts"
"https://brokeralarab.com/en/contact","200","og:image","","https://brokeralarab.com/en/contact"
"https://brokeralarab.com/en/events/blockchain-life-ai-future-week-dubai-2026","200","og:url","https://brokeralarab.com/og-image.webp","https://brokeralarab.com/en/events/blockchain-life-ai-future-week-dubai-2026"
"https://brokeralarab.com/en/events/forex-expo-dubai-2026","200","og:url","https://brokeralarab.com/og-image.webp","https://brokeralarab.com/en/events/forex-expo-dubai-2026"
"https://brokeralarab.com/en/events/ifx-expo-asia-2026","200","og:url","https://brokeralarab.com/og-image.webp","https://brokeralarab.com/en/events/ifx-expo-asia-2026"
"https://brokeralarab.com/en/events/jeddah-fintech-week-2026","200","og:url","https://brokeralarab.com/og-image.webp","https://brokeralarab.com/en/events/jeddah-fintech-week-2026"
"https://brokeralarab.com/en/events/money-expo-abu-dhabi-2026","200","og:url","https://brokeralarab.com/og-image.webp","https://brokeralarab.com/en/events/money-expo-abu-dhabi-2026"
"https://brokeralarab.com/en/events/profin-expo-bangkok-2026","200","og:url","https://brokeralarab.com/og-image.webp","https://brokeralarab.com/en/events/profin-expo-bangkok-2026"
"https://brokeralarab.com/en/events/profx-expo-africa-2026","200","og:url","https://brokeralarab.com/og-image.webp","https://brokeralarab.com/en/events/profx-expo-africa-2026"
"https://brokeralarab.com/en/how-we-review-brokers","200","og:url","https://brokeralarab.com/og-image.webp","https://brokeralarab.com/en/how-we-review-brokers"
"https://brokeralarab.com/en/learn-trading","200","og:url","https://brokeralarab.com/og-image.webp","https://brokeralarab.com/en/learn-trading"
"https://brokeralarab.com/en/learn-trading/economic-indicators","200","og:url","https://brokeralarab.com/og-image.webp","https://brokeralarab.com/en/learn-trading/economic-indicators"
"https://brokeralarab.com/en/learn-trading/hedging","200","og:image","","https://brokeralarab.com/en/learn-trading/hedging"
"https://brokeralarab.com/en/learn-trading/leverage","200","og:image","","https://brokeralarab.com/en/learn-trading/leverage"
"https://brokeralarab.com/en/learn-trading/liquidity","200","og:image","","https://brokeralarab.com/en/learn-trading/liquidity"
"https://brokeralarab.com/en/learn-trading/lot","200","og:image","","https://brokeralarab.com/en/learn-trading/lot"
"https://brokeralarab.com/en/learn-trading/margin","200","og:image","","https://brokeralarab.com/en/learn-trading/margin"
"https://brokeralarab.com/en/learn-trading/margin-call","200","og:image","","https://brokeralarab.com/en/learn-trading/margin-call"
"https://brokeralarab.com/en/learn-trading/spread","200","og:image","","https://brokeralarab.com/en/learn-trading/spread"
"https://brokeralarab.com/en/learn-trading/stop-loss","200","og:image","","https://brokeralarab.com/en/learn-trading/stop-loss"
"https://brokeralarab.com/en/learn-trading/take-profit","200","og:image","","https://brokeralarab.com/en/learn-trading/take-profit"
"https://brokeralarab.com/en/privacy-policy","200","og:image","","https://brokeralarab.com/en/privacy-policy"
"https://brokeralarab.com/en/strategies","200","og:image; twitter:image","","https://brokeralarab.com/en/strategies"
"https://brokeralarab.com/en/strategies/ict","200","og:image; twitter:image","","https://brokeralarab.com/en/strategies/ict"
"https://brokeralarab.com/en/strategies/liquidity-sweep","200","og:image; twitter:image","","https://brokeralarab.com/en/strategies/liquidity-sweep"
"https://brokeralarab.com/en/strategies/moving-average-crossover","200","og:image; twitter:image","","https://brokeralarab.com/en/strategies/moving-average-crossover"
"https://brokeralarab.com/en/strategies/order-blocks","200","og:image; twitter:image","","https://brokeralarab.com/en/strategies/order-blocks"
"https://brokeralarab.com/en/strategies/price-action","200","og:image; twitter:image","","https://brokeralarab.com/en/strategies/price-action"
"https://brokeralarab.com/en/strategies/rsi","200","og:image; twitter:image","","https://brokeralarab.com/en/strategies/rsi"
"https://brokeralarab.com/en/strategies/scalping","200","og:image; twitter:image","","https://brokeralarab.com/en/strategies/scalping"
"https://brokeralarab.com/en/strategies/smart-money-concepts","200","og:image; twitter:image","","https://brokeralarab.com/en/strategies/smart-money-concepts"
"https://brokeralarab.com/en/strategies/supply-and-demand","200","og:image; twitter:image","","https://brokeralarab.com/en/strategies/supply-and-demand"
"https://brokeralarab.com/en/strategies/support-and-resistance","200","og:image; twitter:image","","https://brokeralarab.com/en/strategies/support-and-resistance"
"https://brokeralarab.com/en/strategies/swing-trading","200","og:image; twitter:image","","https://brokeralarab.com/en/strategies/swing-trading"
"https://brokeralarab.com/en/strategies/trend-following","200","og:image; twitter:image","","https://brokeralarab.com/en/strategies/trend-following"
"https://brokeralarab.com/en/terms-and-conditions","200","og:image","","https://brokeralarab.com/en/terms-and-conditions"
"https://brokeralarab.com/en/tools/compound-calculator","200","og:image","","https://brokeralarab.com/en/tools/compound-calculator"
"https://brokeralarab.com/en/tools/drawdown-calculator","200","og:image","","https://brokeralarab.com/en/tools/drawdown-calculator"
"https://brokeralarab.com/en/tools/fibonacci-calculator","200","og:image","","https://brokeralarab.com/en/tools/fibonacci-calculator"
"https://brokeralarab.com/en/tools/leverage-calculator","200","og:image","","https://brokeralarab.com/en/tools/leverage-calculator"
"https://brokeralarab.com/en/tools/lot-size-calculator","200","og:image","","https://brokeralarab.com/en/tools/lot-size-calculator"
"https://brokeralarab.com/en/tools/margin-calculator","200","og:image","","https://brokeralarab.com/en/tools/margin-calculator"
"https://brokeralarab.com/en/tools/market-hours","200","og:image; twitter:image","","https://brokeralarab.com/en/tools/market-hours"
"https://brokeralarab.com/en/tools/pip-calculator","200","og:image","","https://brokeralarab.com/en/tools/pip-calculator"
"https://brokeralarab.com/en/tools/pivot-point-calculator","200","og:image","","https://brokeralarab.com/en/tools/pivot-point-calculator"
"https://brokeralarab.com/en/tools/profit-calculator","200","og:image","","https://brokeralarab.com/en/tools/profit-calculator"
"https://brokeralarab.com/en/tools/risk-calculator","200","og:image","","https://brokeralarab.com/en/tools/risk-calculator"
"https://brokeralarab.com/events/blockchain-life-ai-future-week-dubai-2026","200","og:url","https://brokeralarab.com/og-image.webp","https://brokeralarab.com/events/blockchain-life-ai-future-week-dubai-2026"
"https://brokeralarab.com/events/forex-expo-dubai-2026","200","og:url","https://brokeralarab.com/og-image.webp","https://brokeralarab.com/events/forex-expo-dubai-2026"
"https://brokeralarab.com/events/ifx-expo-asia-2026","200","og:url","https://brokeralarab.com/og-image.webp","https://brokeralarab.com/events/ifx-expo-asia-2026"
"https://brokeralarab.com/events/jeddah-fintech-week-2026","200","og:url","https://brokeralarab.com/og-image.webp","https://brokeralarab.com/events/jeddah-fintech-week-2026"
"https://brokeralarab.com/events/money-expo-abu-dhabi-2026","200","og:url","https://brokeralarab.com/og-image.webp","https://brokeralarab.com/events/money-expo-abu-dhabi-2026"
"https://brokeralarab.com/events/profin-expo-bangkok-2026","200","og:url","https://brokeralarab.com/og-image.webp","https://brokeralarab.com/events/profin-expo-bangkok-2026"
"https://brokeralarab.com/events/profx-expo-africa-2026","200","og:url","https://brokeralarab.com/og-image.webp","https://brokeralarab.com/events/profx-expo-africa-2026"
"https://brokeralarab.com/how-we-review-brokers","200","og:url","https://brokeralarab.com/og-image.webp","https://brokeralarab.com/how-we-review-brokers"
"https://brokeralarab.com/learn-trading","200","og:url","https://brokeralarab.com/og-image.webp","https://brokeralarab.com/learn-trading"
"https://brokeralarab.com/learn-trading/economic-indicators","200","og:url","https://brokeralarab.com/og-image.webp","https://brokeralarab.com/learn-trading/economic-indicators"
"https://brokeralarab.com/learn-trading/hedging","200","og:image","","https://brokeralarab.com/learn-trading/hedging"
"https://brokeralarab.com/learn-trading/leverage","200","og:image","","https://brokeralarab.com/learn-trading/leverage"
"https://brokeralarab.com/learn-trading/liquidity","200","og:image","","https://brokeralarab.com/learn-trading/liquidity"
"https://brokeralarab.com/learn-trading/lot","200","og:image","","https://brokeralarab.com/learn-trading/lot"
"https://brokeralarab.com/learn-trading/margin","200","og:image","","https://brokeralarab.com/learn-trading/margin"
"https://brokeralarab.com/learn-trading/margin-call","200","og:image","","https://brokeralarab.com/learn-trading/margin-call"
"https://brokeralarab.com/learn-trading/spread","200","og:image","","https://brokeralarab.com/learn-trading/spread"
"https://brokeralarab.com/learn-trading/stop-loss","200","og:image","","https://brokeralarab.com/learn-trading/stop-loss"
"https://brokeralarab.com/learn-trading/take-profit","200","og:image","","https://brokeralarab.com/learn-trading/take-profit"
"https://brokeralarab.com/lowest-spread-brokers","200","og:image; twitter:image","","https://brokeralarab.com/lowest-spread-brokers"
"https://brokeralarab.com/privacy-policy","200","og:image","","https://brokeralarab.com/privacy-policy"
"https://brokeralarab.com/strategies","200","og:image; twitter:image","","https://brokeralarab.com/strategies"
"https://brokeralarab.com/strategies/ict","200","og:image; twitter:image","","https://brokeralarab.com/strategies/ict"
"https://brokeralarab.com/strategies/liquidity-sweep","200","og:image; twitter:image","","https://brokeralarab.com/strategies/liquidity-sweep"
"https://brokeralarab.com/strategies/moving-average-crossover","200","og:image; twitter:image","","https://brokeralarab.com/strategies/moving-average-crossover"
"https://brokeralarab.com/strategies/order-blocks","200","og:image; twitter:image","","https://brokeralarab.com/strategies/order-blocks"
"https://brokeralarab.com/strategies/price-action","200","og:image; twitter:image","","https://brokeralarab.com/strategies/price-action"
"https://brokeralarab.com/strategies/rsi","200","og:image; twitter:image","","https://brokeralarab.com/strategies/rsi"
"https://brokeralarab.com/strategies/scalping","200","og:image; twitter:image","","https://brokeralarab.com/strategies/scalping"
"https://brokeralarab.com/strategies/smart-money-concepts","200","og:image; twitter:image","","https://brokeralarab.com/strategies/smart-money-concepts"
"https://brokeralarab.com/strategies/supply-and-demand","200","og:image; twitter:image","","https://brokeralarab.com/strategies/supply-and-demand"
"https://brokeralarab.com/strategies/support-and-resistance","200","og:image; twitter:image","","https://brokeralarab.com/strategies/support-and-resistance"
"https://brokeralarab.com/strategies/swing-trading","200","og:image; twitter:image","","https://brokeralarab.com/strategies/swing-trading"
"https://brokeralarab.com/strategies/trend-following","200","og:image; twitter:image","","https://brokeralarab.com/strategies/trend-following"
"https://brokeralarab.com/terms-and-conditions","200","og:image","","https://brokeralarab.com/terms-and-conditions"
"https://brokeralarab.com/tools/compound-calculator","200","og:image","","https://brokeralarab.com/tools/compound-calculator"
"https://brokeralarab.com/tools/drawdown-calculator","200","og:image","","https://brokeralarab.com/tools/drawdown-calculator"
"https://brokeralarab.com/tools/fibonacci-calculator","200","og:image","","https://brokeralarab.com/tools/fibonacci-calculator"
"https://brokeralarab.com/tools/leverage-calculator","200","og:image","","https://brokeralarab.com/tools/leverage-calculator"
"https://brokeralarab.com/tools/lot-size-calculator","200","og:image","","https://brokeralarab.com/tools/lot-size-calculator"
"https://brokeralarab.com/tools/margin-calculator","200","og:image","","https://brokeralarab.com/tools/margin-calculator"
"https://brokeralarab.com/tools/market-hours","200","og:image; twitter:image","","https://brokeralarab.com/tools/market-hours"
"https://brokeralarab.com/tools/pip-calculator","200","og:image","","https://brokeralarab.com/tools/pip-calculator"
"https://brokeralarab.com/tools/pivot-point-calculator","200","og:image","","https://brokeralarab.com/tools/pivot-point-calculator"
"https://brokeralarab.com/tools/profit-calculator","200","og:image","","https://brokeralarab.com/tools/profit-calculator"
"https://brokeralarab.com/tools/risk-calculator","200","og:url","https://brokeralarab.com/og-image.webp","https://brokeralarab.com/tools/risk-calculator"